[
    {
        "id": "184cac62fede83d5",
        "type": "tab",
        "label": "Exercise 3",
        "disabled": false,
        "info": "",
        "env": []
    },
    {
        "id": "f940bca922f54c8d",
        "type": "inject",
        "z": "184cac62fede83d5",
        "name": "Trigger randomize",
        "props": [],
        "repeat": "",
        "crontab": "",
        "once": false,
        "onceDelay": 0.1,
        "topic": "",
        "x": 190,
        "y": 100,
        "wires": [
            [
                "85ad3a4fc8dd1616"
            ]
        ]
    },
    {
        "id": "85ad3a4fc8dd1616",
        "type": "random",
        "z": "184cac62fede83d5",
        "name": "Randomize",
        "low": "5",
        "high": "25",
        "inte": "false",
        "property": "payload",
        "x": 430,
        "y": 140,
        "wires": [
            [
                "977195bff2fc1ee3"
            ]
        ]
    },
    {
        "id": "977195bff2fc1ee3",
        "type": "function",
        "z": "184cac62fede83d5",
        "name": "Build summary",
        "func": "temp_array = context.window;\n\ntemp_array.push(msg.payload);\n\nwhile (temp_array.length > 3) {\n    temp_array.shift();\n}\n\navg = temp_array.reduce((a, b) => a + b, 0) / temp_array.length;\n\nmsg.payload = \"Last 3 reads:\\n\";\nmsg.payload += temp_array.toString() + \"\\n\";\nmsg.payload += \"Average temperature:\\n\";\nmsg.payload += avg.toString();\n\nreturn msg;",
        "outputs": 1,
        "noerr": 0,
        "initialize": "// Code added here will be run once\n// whenever the node is started.\ncontext.window = []",
        "finalize": "",
        "libs": [],
        "x": 660,
        "y": 180,
        "wires": [
            [
                "357c25aad2af5902"
            ]
        ]
    },
    {
        "id": "357c25aad2af5902",
        "type": "debug",
        "z": "184cac62fede83d5",
        "name": "Print summary",
        "active": true,
        "tosidebar": true,
        "console": false,
        "tostatus": false,
        "complete": "payload",
        "targetType": "msg",
        "statusVal": "",
        "statusType": "auto",
        "x": 900,
        "y": 220,
        "wires": []
    }
]