[
    {
        "id": "81c9dbddd8fc7bb1",
        "type": "tab",
        "label": "Exercise 4",
        "disabled": false,
        "info": "",
        "env": []
    },
    {
        "id": "3e1870cef6ab46e5",
        "type": "inject",
        "z": "81c9dbddd8fc7bb1",
        "name": "Trigger randomize",
        "props": [
            {
                "p": "avg",
                "v": "0",
                "vt": "num"
            }
        ],
        "repeat": "",
        "crontab": "",
        "once": false,
        "onceDelay": 0.1,
        "topic": "",
        "x": 190,
        "y": 100,
        "wires": [
            [
                "3163356ff5699ecd"
            ]
        ]
    },
    {
        "id": "3163356ff5699ecd",
        "type": "random",
        "z": "81c9dbddd8fc7bb1",
        "name": "Randomize",
        "low": "5",
        "high": "25",
        "inte": "false",
        "property": "payload",
        "x": 430,
        "y": 140,
        "wires": [
            [
                "fef8a8247b9341d1"
            ]
        ]
    },
    {
        "id": "fef8a8247b9341d1",
        "type": "function",
        "z": "81c9dbddd8fc7bb1",
        "name": "Build summary",
        "func": "temp_array = context.window;\n\ntemp_array.push(msg.payload);\n\nwhile (temp_array.length > 3) {\n    temp_array.shift();\n}\n\navg = temp_array.reduce((a, b) => a + b, 0) / temp_array.length;\n\nmsg.average = avg;\n\nmsg.payload = \"Last 3 reads:\\n\";\nmsg.payload += temp_array.toString() + \"\\n\";\nmsg.payload += \"Average temperature:\\n\";\nmsg.payload += avg.toString();\n\nreturn msg;",
        "outputs": 1,
        "noerr": 0,
        "initialize": "// Code added here will be run once\n// whenever the node is started.\ncontext.window = []",
        "finalize": "",
        "libs": [],
        "x": 660,
        "y": 180,
        "wires": [
            [
                "54140ff0059f6c65"
            ]
        ]
    },
    {
        "id": "e77e8bca79939e1e",
        "type": "debug",
        "z": "81c9dbddd8fc7bb1",
        "name": "Print summary",
        "active": true,
        "tosidebar": true,
        "console": false,
        "tostatus": false,
        "complete": "payload",
        "targetType": "msg",
        "statusVal": "",
        "statusType": "auto",
        "x": 1160,
        "y": 160,
        "wires": []
    },
    {
        "id": "54140ff0059f6c65",
        "type": "switch",
        "z": "81c9dbddd8fc7bb1",
        "name": "Temperature Check",
        "property": "average",
        "propertyType": "msg",
        "rules": [
            {
                "t": "gt",
                "v": "15",
                "vt": "str"
            },
            {
                "t": "else"
            }
        ],
        "checkall": "true",
        "repair": false,
        "outputs": 2,
        "x": 910,
        "y": 220,
        "wires": [
            [
                "e77e8bca79939e1e"
            ],
            [
                "3e1791f4997ca239"
            ]
        ]
    },
    {
        "id": "3e1791f4997ca239",
        "type": "file",
        "z": "81c9dbddd8fc7bb1",
        "name": "Export to file",
        "filename": "/tmp/node-red/windowtemp.log",
        "appendNewline": true,
        "createDir": true,
        "overwriteFile": "false",
        "encoding": "none",
        "x": 1150,
        "y": 280,
        "wires": [
            []
        ]
    }
]