[
    {
        "id": "4eea5dd2e2e2f354",
        "type": "tab",
        "label": "Exercise 1",
        "disabled": false,
        "info": "",
        "env": []
    },
    {
        "id": "f66e07107fbe8ebe",
        "type": "inject",
        "z": "4eea5dd2e2e2f354",
        "name": "Trigger timestamp",
        "props": [
            {
                "p": "topic",
                "vt": "str"
            },
            {
                "p": "payload"
            },
            {
                "p": "even",
                "v": "true",
                "vt": "bool"
            }
        ],
        "repeat": "",
        "crontab": "",
        "once": false,
        "onceDelay": 0.1,
        "topic": "Time",
        "payloadType": "date",
        "x": 170,
        "y": 160,
        "wires": [
            [
                "5225cf5b1eb74c41"
            ]
        ]
    },
    {
        "id": "6c2de909ba663d0a",
        "type": "e-mail",
        "z": "4eea5dd2e2e2f354",
        "server": "smtps.aruba.it",
        "port": "465",
        "secure": true,
        "tls": true,
        "name": "sample@polimi.it",
        "dname": "Send email",
        "x": 670,
        "y": 220,
        "wires": []
    },
    {
        "id": "5225cf5b1eb74c41",
        "type": "function",
        "z": "4eea5dd2e2e2f354",
        "name": "Update flag",
        "func": "if (msg.payload % 2 == 0) {\n    msg.value = true;\n} else {\n    msg.value = false;\n}\nreturn msg;",
        "outputs": 1,
        "noerr": 0,
        "initialize": "",
        "finalize": "",
        "libs": [],
        "x": 350,
        "y": 160,
        "wires": [
            [
                "fef21b509acc7e05"
            ]
        ]
    },
    {
        "id": "23ee8d6795831092",
        "type": "file",
        "z": "4eea5dd2e2e2f354",
        "name": "Export to file",
        "filename": "/tmp/node-red/time.log",
        "appendNewline": true,
        "createDir": true,
        "overwriteFile": "false",
        "encoding": "none",
        "x": 670,
        "y": 100,
        "wires": [
            []
        ]
    },
    {
        "id": "fef21b509acc7e05",
        "type": "switch",
        "z": "4eea5dd2e2e2f354",
        "name": "Check flag",
        "property": "value",
        "propertyType": "msg",
        "rules": [
            {
                "t": "true"
            },
            {
                "t": "false"
            }
        ],
        "checkall": "true",
        "repair": false,
        "outputs": 2,
        "x": 510,
        "y": 160,
        "wires": [
            [
                "23ee8d6795831092"
            ],
            [
                "6c2de909ba663d0a"
            ]
        ]
    }
]