[
    {
        "id": "2144a01821301425",
        "type": "tab",
        "label": "Exercise 2",
        "disabled": false,
        "info": "",
        "env": []
    },
    {
        "id": "99e924bc009deaab",
        "type": "mqtt in",
        "z": "2144a01821301425",
        "name": "Fetch temperature",
        "topic": "weather/milan",
        "qos": "2",
        "datatype": "auto",
        "broker": "0a02e7fa68f0ae7b",
        "nl": false,
        "rap": true,
        "rh": 0,
        "inputs": 0,
        "x": 150,
        "y": 100,
        "wires": [
            [
                "5e6912a97aa7cfe6"
            ]
        ]
    },
    {
        "id": "5e6912a97aa7cfe6",
        "type": "file",
        "z": "2144a01821301425",
        "name": "Export to file",
        "filename": "/tmp/node-red/tempc.log",
        "appendNewline": true,
        "createDir": true,
        "overwriteFile": "false",
        "encoding": "none",
        "x": 410,
        "y": 140,
        "wires": [
            []
        ]
    },
    {
        "id": "362f149d5a952909",
        "type": "file in",
        "z": "2144a01821301425",
        "name": "Read content",
        "filename": "/tmp/node-red/tempc.log",
        "format": "utf8",
        "chunk": false,
        "sendError": false,
        "encoding": "none",
        "allProps": false,
        "x": 370,
        "y": 420,
        "wires": [
            [
                "28a520eee0a2c0bd"
            ]
        ]
    },
    {
        "id": "28a520eee0a2c0bd",
        "type": "e-mail",
        "z": "2144a01821301425",
        "server": "smtps.aruba.it",
        "port": "465",
        "secure": true,
        "tls": true,
        "name": "sample@polimi.it",
        "dname": "Send email",
        "x": 610,
        "y": 460,
        "wires": []
    },
    {
        "id": "59f43d8e1660e681",
        "type": "inject",
        "z": "2144a01821301425",
        "name": "Trigger email",
        "props": [],
        "repeat": "",
        "crontab": "",
        "once": false,
        "onceDelay": 0.1,
        "topic": "",
        "x": 130,
        "y": 380,
        "wires": [
            [
                "362f149d5a952909"
            ]
        ]
    },
    {
        "id": "1c7eac4079d27895",
        "type": "file",
        "z": "2144a01821301425",
        "name": "Export to file",
        "filename": "/tmp/node-red/tempc.log",
        "appendNewline": true,
        "createDir": true,
        "overwriteFile": "false",
        "encoding": "none",
        "x": 610,
        "y": 360,
        "wires": [
            []
        ]
    },
    {
        "id": "1b6601892fefacc3",
        "type": "inject",
        "z": "2144a01821301425",
        "name": "Trigger randomize",
        "props": [],
        "repeat": "",
        "crontab": "",
        "once": false,
        "onceDelay": 0.1,
        "topic": "",
        "x": 160,
        "y": 280,
        "wires": [
            [
                "4dcd74580a9cbca9"
            ]
        ]
    },
    {
        "id": "4dcd74580a9cbca9",
        "type": "random",
        "z": "2144a01821301425",
        "name": "Randomize",
        "low": "5",
        "high": "25",
        "inte": "true",
        "property": "payload",
        "x": 390,
        "y": 320,
        "wires": [
            [
                "1c7eac4079d27895"
            ]
        ]
    },
    {
        "id": "0a02e7fa68f0ae7b",
        "type": "mqtt-broker",
        "d": true,
        "name": "",
        "broker": "mqtt.neslab.it",
        "port": "3200",
        "clientid": "",
        "autoConnect": true,
        "usetls": false,
        "protocolVersion": "4",
        "keepalive": "60",
        "cleansession": true,
        "birthTopic": "",
        "birthQos": "0",
        "birthPayload": "",
        "birthMsg": {},
        "closeTopic": "",
        "closeQos": "0",
        "closePayload": "",
        "closeMsg": {},
        "willTopic": "",
        "willQos": "0",
        "willPayload": "",
        "willMsg": {},
        "sessionExpiry": ""
    }
]
